{"cameraMode":{"drawMode":0,"name":"Shaded","section":"Shading Mode"},"sceneLighting":false,"audioPlay":false,"sceneViewState":{"showFog":true,"showMaterialUpdate":false,"showSkybox":false,"showFlares":true,"showImageEffects":true,"showParticleSystems":true},"in2DMode":false,"pivot":{"x":0.11378447711467743,"y":0.9412013292312622,"z":19.668657302856447},"rotation":{"x":0.7975591421127319,"y":-0.04141661897301674,"z":0.05511908233165741,"w":0.5992879867553711},"size":0.7358093857765198,"orthographic":true}